Workbook

Sheet Data
A1: Name | B1: Emp No | C1: Dep | D1: Section | E1: Reason | F1: S.reason | G1: location | H1: Route | I1: Date | J1: Approval | K1: Vehicle No | L1: SM | M1: EM | N1: KM | O1: Rate | P1: Total | Q1: Month | S1: Instructions
A2: A.Perera | B2: EMP1023 | C2: Production | D2: Packing | E2: Drop to Home | F2: Night Shift | G2: Kurunegala | H2: Factory - Home | I2: 2026-01-14 | J2: Approved | K2: WP-CAB-4521 | L2: 12:30 AM | M2: 1:10 AM | N2: 18.5 | O2: 45 | P2: =N2*O2 -> 832.5 | Q2: =IF(I2="","",TEXT(I2,"mmm")) -> Jan | S2: 1. Paste your records starting at row 2 (below the yellow example row).
Q3: =IF(I3="","",TEXT(I3,"mmm")) | S3: 2. Keep the Reason text exactly as 'Drop to Home' for trips that should count in the KM analysis.
Q4: =IF(I4="","",TEXT(I4,"mmm")) | S4: 3. Column Q (Month) fills automatically from the Date column — do not overwrite it.
Q5: =IF(I5="","",TEXT(I5,"mmm")) | S5: 4. Go to the 'Summary & Chart' sheet, list your Department names in column A, and the totals + chart update automatically.
Q6: =IF(I6="","",TEXT(I6,"mmm"))
Q7: =IF(I7="","",TEXT(I7,"mmm"))
Q8: =IF(I8="","",TEXT(I8,"mmm"))
Q9: =IF(I9="","",TEXT(I9,"mmm"))
Q10: =IF(I10="","",TEXT(I10,"mmm"))
Q11: =IF(I11="","",TEXT(I11,"mmm"))
Q12: =IF(I12="","",TEXT(I12,"mmm"))
Q13: =IF(I13="","",TEXT(I13,"mmm"))
Q14: =IF(I14="","",TEXT(I14,"mmm"))
Q15: =IF(I15="","",TEXT(I15,"mmm"))
Q16: =IF(I16="","",TEXT(I16,"mmm"))
Q17: =IF(I17="","",TEXT(I17,"mmm"))
... Q500: =IF(I500="","",TEXT(I500,"mmm"))

Sheet Summary & Chart
A1: Department-wise 'Drop to Home' KM Analysis (Jan - Aug)
A3: Department | B3: Jan | C3: Feb | D3: Mar | E3: Apr | F3: May | G3: Jun | H3: Jul | I3: Aug | J3: Total
B4: =SUMIFS(Data!$N$2:$N$500,Data!$C$2:$C$500,$A4,Data!$E$2:$E$500,"Drop to Home",Data!$Q$2:$Q$500,"Jan") -> 0 | C4: =SUMIFS(Data!$N$2:$N$500,Data!$C$2:$C$500,$A4,Data!$E$2:$E$500,"Drop to Home",Data!$Q$2:$Q$500,"Feb") -> 0 | D4: =SUMIFS(Data!$N$2:$N$500,Data!$C$2:$C$500,$A4,Data!$E$2:$E$500,"Drop to Home",Data!$Q$2:$Q$500,"Mar") -> 0 | E4: =SUMIFS(Data!$N$2:$N$500,Data!$C$2:$C$500,$A4,Data!$E$2:$E$500,"Drop to Home",Data!$Q$2:$Q$500,"Apr") -> 0 | F4: =SUMIFS(Data!$N$2:$N$500,Data!$C$2:$C$500,$A4,Data!$E$2:$E$500,"Drop to Home",Data!$Q$2:$Q$500,"May") -> 0 | G4: =SUMIFS(Data!$N$2:$N$500,Data!$C$2:$C$500,$A4,Data!$E$2:$E$500,"Drop to Home",Data!$Q$2:$Q$500,"Jun") -> 0 | H4: =SUMIFS(Data!$N$2:$N$500,Data!$C$2:$C$500,$A4,Data!$E$2:$E$500,"Drop to Home",Data!$Q$2:$Q$500,"Jul") -> 0 | I4: =SUMIFS(Data!$N$2:$N$500,Data!$C$2:$C$500,$A4,Data!$E$2:$E$500,"Drop to Home",Data!$Q$2:$Q$500,"Aug") -> 0 | J4: =SUM(B4:I4) -> 0
B5: =SUMIFS(Data!$N$2:$N$500,Data!$C$2:$C$500,$A5,Data!$E$2:$E$500,"Drop to Home",Data!$Q$2:$Q$500,"Jan") -> 0 | C5: =SUMIFS(Data!$N$2:$N$500,Data!$C$2:$C$500,$A5,Data!$E$2:$E$500,"Drop to Home",Data!$Q$2:$Q$500,"Feb") -> 0 | D5: =SUMIFS(Data!$N$2:$N$500,Data!$C$2:$C$500,$A5,Data!$E$2:$E$500,"Drop to Home",Data!$Q$2:$Q$500,"Mar") -> 0 | E5: =SUMIFS(Data!$N$2:$N$500,Data!$C$2:$C$500,$A5,Data!$E$2:$E$500,"Drop to Home",Data!$Q$2:$Q$500,"Apr") -> 0 | F5: =SUMIFS(Data!$N$2:$N$500,Data!$C$2:$C$500,$A5,Data!$E$2:$E$500,"Drop to Home",Data!$Q$2:$Q$500,"May") -> 0 | G5: =SUMIFS(Data!$N$2:$N$500,Data!$C$2:$C$500,$A5,Data!$E$2:$E$500,"Drop to Home",Data!$Q$2:$Q$500,"Jun") -> 0 | H5: =SUMIFS(Data!$N$2:$N$500,Data!$C$2:$C$500,$A5,Data!$E$2:$E$500,"Drop to Home",Data!$Q$2:$Q$500,"Jul") -> 0 | I5: =SUMIFS(Data!$N$2:$N$500,Data!$C$2:$C$500,$A5,Data!$E$2:$E$500,"Drop to Home",Data!$Q$2:$Q$500,"Aug") -> 0 | J5: =SUM(B5:I5) -> 0
B6: =SUMIFS(Data!$N$2:$N$500,Data!$C$2:$C$500,$A6,Data!$E$2:$E$500,"Drop to Home",Data!$Q$2:$Q$500,"Jan") -> 0 | C6: =SUMIFS(Data!$N$2:$N$500,Data!$C$2:$C$500,$A6,Data!$E$2:$E$500,"Drop to Home",Data!$Q$2:$Q$500,"Feb") -> 0 | D6: =SUMIFS(Data!$N$2:$N$500,Data!$C$2:$C$500,$A6,Data!$E$2:$E$500,"Drop to Home",Data!$Q$2:$Q$500,"Mar") -> 0 | E6: =SUMIFS(Data!$N$2:$N$500,Data!$C$2:$C$500,$A6,Data!$E$2:$E$500,"Drop to Home",Data!$Q$2:$Q$500,"Apr") -> 0 | F6: =SUMIFS(Data!$N$2:$N$500,Data!$C$2:$C$500,$A6,Data!$E$2:$E$500,"Drop to Home",Data!$Q$2:$Q$500,"May") -> 0 | G6: =SUMIFS(Data!$N$2:$N$500,Data!$C$2:$C$500,$A6,Data!$E$2:$E$500,"Drop to Home",Data!$Q$2:$Q$500,"Jun") -> 0 | H6: =SUMIFS(Data!$N$2:$N$500,Data!$C$2:$C$500,$A6,Data!$E$2:$E$500,"Drop to Home",Data!$Q$2:$Q$500,"Jul") -> 0 | I6: =SUMIFS(Data!$N$2:$N$500,Data!$C$2:$C$500,$A6,Data!$E$2:$E$500,"Drop to Home",Data!$Q$2:$Q$500,"Aug") -> 0 | J6: =SUM(B6:I6) -> 0
B7: =SUMIFS(Data!$N$2:$N$500,Data!$C$2:$C$500,$A7,Data!$E$2:$E$500,"Drop to Home",Data!$Q$2:$Q$500,"Jan") -> 0 | C7: =SUMIFS(Data!$N$2:$N$500,Data!$C$2:$C$500,$A7,Data!$E$2:$E$500,"Drop to Home",Data!$Q$2:$Q$500,"Feb") -> 0 | D7: =SUMIFS(Data!$N$2:$N$500,Data!$C$2:$C$500,$A7,Data!$E$2:$E$500,"Drop to Home",Data!$Q$2:$Q$500,"Mar") -> 0 | E7: =SUMIFS(Data!$N$2:$N$500,Data!$C$2:$C$500,$A7,Data!$E$2:$E$500,"Drop to Home",Data!$Q$2:$Q$500,"Apr") -> 0 | F7: =SUMIFS(Data!$N$2:$N$500,Data!$C$2:$C$500,$A7,Data!$E$2:$E$500,"Drop to Home",Data!$Q$2:$Q$500,"May") -> 0 | G7: =SUMIFS(Data!$N$2:$N$500,Data!$C$2:$C$500,$A7,Data!$E$2:$E$500,"Drop to Home",Data!$Q$2:$Q$500,"Jun") -> 0 | H7: =SUMIFS(Data!$N$2:$N$500,Data!$C$2:$C$500,$A7,Data!$E$2:$E$500,"Drop to Home",Data!$Q$2:$Q$500,"Jul") -> 0 | I7: =SUMIFS(Data!$N$2:$N$500,Data!$C$2:$C$500,$A7,Data!$E$2:$E$500,"Drop to Home",Data!$Q$2:$Q$500,"Aug") -> 0 | J7: =SUM(B7:I7) -> 0
B8: =SUMIFS(Data!$N$2:$N$500,Data!$C$2:$C$500,$A8,Data!$E$2:$E$500,"Drop to Home",Data!$Q$2:$Q$500,"Jan") -> 0 | C8: =SUMIFS(Data!$N$2:$N$500,Data!$C$2:$C$500,$A8,Data!$E$2:$E$500,"Drop to Home",Data!$Q$2:$Q$500,"Feb") -> 0 | D8: =SUMIFS(Data!$N$2:$N$500,Data!$C$2:$C$500,$A8,Data!$E$2:$E$500,"Drop to Home",Data!$Q$2:$Q$500,"Mar") -> 0 | E8: =SUMIFS(Data!$N$2:$N$500,Data!$C$2:$C$500,$A8,Data!$E$2:$E$500,"Drop to Home",Data!$Q$2:$Q$500,"Apr") -> 0 | F8: =SUMIFS(Data!$N$2:$N$500,Data!$C$2:$C$500,$A8,Data!$E$2:$E$500,"Drop to Home",Data!$Q$2:$Q$500,"May") -> 0 | G8: =SUMIFS(Data!$N$2:$N$500,Data!$C$2:$C$500,$A8,Data!$E$2:$E$500,"Drop to Home",Data!$Q$2:$Q$500,"Jun") -> 0 | H8: =SUMIFS(Data!$N$2:$N$500,Data!$C$2:$C$500,$A8,Data!$E$2:$E$500,"Drop to Home",Data!$Q$2:$Q$500,"Jul") -> 0 | I8: =SUMIFS(Data!$N$2:$N$500,Data!$C$2:$C$500,$A8,Data!$E$2:$E$500,"Drop to Home",Data!$Q$2:$Q$500,"Aug") -> 0 | J8: =SUM(B8:I8) -> 0
B9: =SUMIFS(Data!$N$2:$N$500,Data!$C$2:$C$500,$A9,Data!$E$2:$E$500,"Drop to Home",Data!$Q$2:$Q$500,"Jan") -> 0 | C9: =SUMIFS(Data!$N$2:$N$500,Data!$C$2:$C$500,$A9,Data!$E$2:$E$500,"Drop to Home",Data!$Q$2:$Q$500,"Feb") -> 0 | D9: =SUMIFS(Data!$N$2:$N$500,Data!$C$2:$C$500,$A9,Data!$E$2:$E$500,"Drop to Home",Data!$Q$2:$Q$500,"Mar") -> 0 | E9: =SUMIFS(Data!$N$2:$N$500,Data!$C$2:$C$500,$A9,Data!$E$2:$E$500,"Drop to Home",Data!$Q$2:$Q$500,"Apr") -> 0 | F9: =SUMIFS(Data!$N$2:$N$500,Data!$C$2:$C$500,$A9,Data!$E$2:$E$500,"Drop to Home",Data!$Q$2:$Q$500,"May") -> 0 | G9: =SUMIFS(Data!$N$2:$N$500,Data!$C$2:$C$500,$A9,Data!$E$2:$E$500,"Drop to Home",Data!$Q$2:$Q$500,"Jun") -> 0 | H9: =SUMIFS(Data!$N$2:$N$500,Data!$C$2:$C$500,$A9,Data!$E$2:$E$500,"Drop to Home",Data!$Q$2:$Q$500,"Jul") -> 0 | I9: =SUMIFS(Data!$N$2:$N$500,Data!$C$2:$C$500,$A9,Data!$E$2:$E$500,"Drop to Home",Data!$Q$2:$Q$500,"Aug") -> 0 | J9: =SUM(B9:I9) -> 0
B10: =SUMIFS(Data!$N$2:$N$500,Data!$C$2:$C$500,$A10,Data!$E$2:$E$500,"Drop to Home",Data!$Q$2:$Q$500,"Jan") -> 0 | C10: =SUMIFS(Data!$N$2:$N$500,Data!$C$2:$C$500,$A10,Data!$E$2:$E$500,"Drop to Home",Data!$Q$2:$Q$500,"Feb") -> 0 | D10: =SUMIFS(Data!$N$2:$N$500,Data!$C$2:$C$500,$A10,Data!$E$2:$E$500,"Drop to Home",Data!$Q$2:$Q$500,"Mar") -> 0 | E10: =SUMIFS(Data!$N$2:$N$500,Data!$C$2:$C$500,$A10,Data!$E$2:$E$500,"Drop to Home",Data!$Q$2:$Q$500,"Apr") -> 0 | F10: =SUMIFS(Data!$N$2:$N$500,Data!$C$2:$C$500,$A10,Data!$E$2:$E$500,"Drop to Home",Data!$Q$2:$Q$500,"May") -> 0 | G10: =SUMIFS(Data!$N$2:$N$500,Data!$C$2:$C$500,$A10,Data!$E$2:$E$500,"Drop to Home",Data!$Q$2:$Q$500,"Jun") -> 0 | H10: =SUMIFS(Data!$N$2:$N$500,Data!$C$2:$C$500,$A10,Data!$E$2:$E$500,"Drop to Home",Data!$Q$2:$Q$500,"Jul") -> 0 | I10: =SUMIFS(Data!$N$2:$N$500,Data!$C$2:$C$500,$A10,Data!$E$2:$E$500,"Drop to Home",Data!$Q$2:$Q$500,"Aug") -> 0 | J10: =SUM(B10:I10) -> 0
B11: =SUMIFS(Data!$N$2:$N$500,Data!$C$2:$C$500,$A11,Data!$E$2:$E$500,"Drop to Home",Data!$Q$2:$Q$500,"Jan") -> 0 | C11: =SUMIFS(Data!$N$2:$N$500,Data!$C$2:$C$500,$A11,Data!$E$2:$E$500,"Drop to Home",Data!$Q$2:$Q$500,"Feb") -> 0 | D11: =SUMIFS(Data!$N$2:$N$500,Data!$C$2:$C$500,$A11,Data!$E$2:$E$500,"Drop to Home",Data!$Q$2:$Q$500,"Mar") -> 0 | E11: =SUMIFS(Data!$N$2:$N$500,Data!$C$2:$C$500,$A11,Data!$E$2:$E$500,"Drop to Home",Data!$Q$2:$Q$500,"Apr") -> 0 | F11: =SUMIFS(Data!$N$2:$N$500,Data!$C$2:$C$500,$A11,Data!$E$2:$E$500,"Drop to Home",Data!$Q$2:$Q$500,"May") -> 0 | G11: =SUMIFS(Data!$N$2:$N$500,Data!$C$2:$C$500,$A11,Data!$E$2:$E$500,"Drop to Home",Data!$Q$2:$Q$500,"Jun") -> 0 | H11: =SUMIFS(Data!$N$2:$N$500,Data!$C$2:$C$500,$A11,Data!$E$2:$E$500,"Drop to Home",Data!$Q$2:$Q$500,"Jul") -> 0 | I11: =SUMIFS(Data!$N$2:$N$500,Data!$C$2:$C$500,$A11,Data!$E$2:$E$500,"Drop to Home",Data!$Q$2:$Q$500,"Aug") -> 0 | J11: =SUM(B11:I11) -> 0
A12: TOTAL | B12: =SUM(B4:B11) -> 0 | C12: =SUM(C4:C11) -> 0 | D12: =SUM(D4:D11) -> 0 | E12: =SUM(E4:E11) -> 0 | F12: =SUM(F4:F11) -> 0 | G12: =SUM(G4:G11) -> 0 | H12: =SUM(H4:H11) -> 0 | I12: =SUM(I4:I11) -> 0 | J12: =SUM(J4:J11) -> 0
